source,domain,n,quality_mean,quality_std
A1,arxiv,1419,0.7272186435488806,0.03698496428871125
A1,book,171,0.5591777734481109,0.08661762670634597
A1,c4,10000,0.6327027209126376,0.10230082360313028
A1,commoncrawl,9640,0.6118956714829136,0.09792108418029466
A1,github,10000,0.4497924740503158,0.08759644909061445
A1,stackexchange,10000,0.633261987970329,0.07437215026595805
A1,wikipedia,10000,0.5450234347037697,0.0924706033230844
A2,arxiv,17523,0.7248300625124751,0.037814157663873076
A3,github,203752,0.4491671823298283,0.08780063246597863
