fold,n_valid,gamma,lambda_,SSE,RMSE
1,103,0.015625,1e-06,86.58870483399006,0.2542964710156547
1,103,0.015625,1e-05,83.07452618821964,0.2490827477495226
1,103,0.015625,0.0001,107.80336765598304,0.28374346992644994
1,103,0.015625,0.001,138.5789841533031,0.3217054350960725
1,103,0.015625,0.01,164.02542401518716,0.34999778513668894
1,103,0.015625,0.1,224.61300019497787,0.40956907370449613
1,103,0.015625,1.0,522.9259741385664,0.6249277623009903
1,103,0.015625,10.0,809.2319431231072,0.7774030143329015
1,103,0.015625,100.0,871.1634236734881,0.8066024336312603
1,103,0.03125,1e-06,105.95731637357257,0.28130353295002575
1,103,0.03125,1e-05,83.55769454741679,0.24980604058834582
1,103,0.03125,0.0001,89.9393992813269,0.259169984503046
1,103,0.03125,0.001,121.75773054481316,0.3015490633359933
1,103,0.03125,0.01,151.04732979569633,0.33586615123098623
1,103,0.03125,0.1,190.4140278801321,0.3771023001716133
1,103,0.03125,1.0,412.0575395328352,0.5547389293269901
1,103,0.03125,10.0,755.0743924844828,0.75093886591845
1,103,0.03125,100.0,863.8873347721104,0.8032269378239795
1,103,0.0625,1e-06,141.9305782899066,0.32557248744016065
1,103,0.0625,1e-05,99.08053312666955,0.27202190572987917
1,103,0.0625,0.0001,83.45817820894219,0.24965723808147272
1,103,0.0625,0.001,102.68042235747927,0.27691949738861854
1,103,0.0625,0.01,135.35087108809154,0.317936390235634
1,103,0.0625,0.1,170.18171047458011,0.3565054337980601
1,103,0.0625,1.0,317.8013687060419,0.4871779158197403
1,103,0.0625,10.0,676.13525227223,0.7106021241483065
1,103,0.0625,100.0,850.5646562208312,0.7970092791515325
1,103,0.125,1e-06,154.5500015372909,0.33973807239133713
1,103,0.125,1e-05,130.1292543068163,0.3117433385276543
1,103,0.125,0.0001,94.07182088050723,0.2650571272713333
1,103,0.125,0.001,89.63722144140326,0.2587342393325432
1,103,0.125,0.01,119.04670068860466,0.2981730538525698
1,103,0.125,0.1,153.1479475605512,0.338193535543789
1,103,0.125,1.0,249.31412050076787,0.4315023345827769
1,103,0.125,10.0,580.523122730953,0.6584449525867521
1,103,0.125,100.0,828.0939225722634,0.7864108742640608
1,103,0.25,1e-06,147.16776194915434,0.331524824781972
1,103,0.25,1e-05,142.2511227100771,0.3259399261854251
1,103,0.25,0.0001,119.67158660970584,0.29895459703798877
1,103,0.25,0.001,94.55027651799475,0.2657303216086781
1,103,0.25,0.01,104.11002247836785,0.2788405826971758
1,103,0.25,0.1,139.11111632716032,0.32232250481103963
1,103,0.25,1.0,206.6022087759659,0.3928051667317742
1,103,0.25,10.0,487.38073734678534,0.6033146786328921
1,103,0.25,100.0,795.5526143724837,0.7708043645850698
1,103,0.5,1e-06,140.1838211159453,0.3235628546712927
1,103,0.5,1e-05,139.55587034614166,0.32283734444452405
1,103,0.5,0.0001,134.5135773729665,0.31695147188288586
1,103,0.5,0.001,116.19300047324565,0.29457758325536043
1,103,0.5,0.01,105.1629958431437,0.2802471381370615
1,103,0.5,0.1,128.6706009496913,0.309991207745527
1,103,0.5,1.0,184.6137560527904,0.3713143561022659
1,103,0.5,10.0,417.9314832550128,0.5586788823140704
1,103,0.5,100.0,760.3455276586326,0.7535554399573695
1,103,1.0,1e-06,145.38322133499395,0.32950867687614027
1,103,1.0,1e-05,145.30259654796134,0.3294172968292758
1,103,1.0,0.0001,144.53507545394586,0.328546116625616
1,103,1.0,0.001,139.23830372939796,0.3224698186888137
1,103,1.0,0.01,126.99696836936289,0.30796856425874525
1,103,1.0,0.1,131.35027889166514,0.31320249362066943
1,103,1.0,1.0,182.63989648430572,0.36932400601935556
1,103,1.0,10.0,393.0543649422641,0.54179628555645
1,103,1.0,100.0,743.3704266521519,0.7450962048504629
1,103,2.0,1e-06,168.76559902101172,0.355019063558461
1,103,2.0,1e-05,168.75286151125795,0.3550056658514064
1,103,2.0,0.0001,168.62704494492561,0.35487330091871966
1,103,2.0,0.001,167.5054160204594,0.3536911054487122
1,103,2.0,0.01,162.18009918363927,0.34802343751137826
1,103,2.0,0.1,160.4651732086938,0.34617851142005057
1,103,2.0,1.0,209.4986872953046,0.3955490670543621
1,103,2.0,10.0,439.5719855036365,0.5729605423148839
1,103,2.0,100.0,769.0802914688563,0.7578714598897045
1,103,4.0,1e-06,233.6298702439659,0.41770906027052856
1,103,4.0,1e-05,233.62831172408016,0.41770766702196427
1,103,4.0,0.0001,233.6128168058578,0.4176938149904758
1,103,4.0,0.001,233.46652078014807,0.4175630077091729
1,103,4.0,0.01,232.6112112035249,0.41679743039779205
1,103,4.0,0.1,236.53289581983046,0.42029622170613895
1,103,4.0,1.0,305.97235644679233,0.4780252167790091
1,103,4.0,10.0,585.3605778366069,0.6611826470674551
1,103,4.0,100.0,825.949821313143,0.7853921266579124
2,103,0.015625,1e-06,100.69873205075858,0.27423426155328917
2,103,0.015625,1e-05,94.28563652183783,0.2653581801928265
2,103,0.015625,0.0001,122.88870116886,0.3029463250383876
2,103,0.015625,0.001,160.128446852939,0.3458151034514829
2,103,0.015625,0.01,184.2344677829575,0.37093272801169724
2,103,0.015625,0.1,224.9575009356659,0.40988304214949184
2,103,0.015625,1.0,496.58201804064595,0.6089830514991188
2,103,0.015625,10.0,786.7975595390234,0.766551280720265
2,103,0.015625,100.0,850.8078890691498,0.7971232299125905
2,103,0.03125,1e-06,120.53014892341355,0.30002507851789084
2,103,0.03125,1e-05,95.49356210135075,0.2670525678803039
2,103,0.03125,0.0001,100.93726378519287,0.27455886783763594
2,103,0.03125,0.001,140.16426444758923,0.32354028419168895
2,103,0.03125,0.01,172.24685356811077,0.358661995285143
2,103,0.03125,0.1,199.40889618688595,0.3859063956696427
2,103,0.03125,1.0,390.0314594018047,0.5397088387466091
2,103,0.03125,10.0,731.0609173641922,0.7389014095451274
2,103,0.03125,100.0,843.2841444470089,0.7935908994209615
2,103,0.0625,1e-06,150.07695133987738,0.33478555478427696
2,103,0.0625,1e-05,111.79650925001992,0.2889507547113519
2,103,0.0625,0.0001,93.34919636092593,0.26403712986136324
2,103,0.0625,0.001,116.02287433846371,0.2943618486448489
2,103,0.0625,0.01,155.4141944153704,0.34068660016723634
2,103,0.0625,0.1,185.06024417824045,0.37176309658672335
2,103,0.0625,1.0,304.28555164375916,0.47670573544947525
2,103,0.0625,10.0,650.4606772996758,0.6969798698557044
2,103,0.0625,100.0,829.5280354379504,0.7870915422749754
2,103,0.125,1e-06,161.45570290185657,0.34724532406826086
2,103,0.125,1e-05,138.27374338513775,0.32135093781039276
2,103,0.125,0.0001,104.34159953387271,0.27915052986253447
2,103,0.125,0.001,98.92914215695836,0.27181400715590914
2,103,0.125,0.01,135.8905047920071,0.3185695539611148
2,103,0.125,0.1,170.86379070409953,0.35721914782091757
2,103,0.125,1.0,245.99614553235273,0.428621411984185
2,103,0.125,10.0,554.5056946544005,0.6435209896485876
2,103,0.125,100.0,806.3972174516248,0.7760402050726428
2,103,0.25,1e-06,154.314125770356,0.33947871756434256
2,103,0.25,1e-05,149.0123721651106,0.3335960315959597
2,103,0.25,0.0001,127.55596021356102,0.3086455996912696
2,103,0.25,0.001,102.41699221476199,0.27656404603085055
2,103,0.25,0.01,115.84359373146542,0.29413433414153695
2,103,0.25,0.1,157.01517496972366,0.3424368750883243
2,103,0.25,1.0,212.05018572666938,0.39795048660405147
2,103,0.25,10.0,464.0858196688048,0.5887200960623783
2,103,0.25,100.0,773.1213426459088,0.7598599290391973
2,103,0.5,1e-06,147.29035819455726,0.33166288232029323
2,103,0.5,1e-05,146.61938187693823,0.33090658040697524
2,103,0.5,0.0001,141.33549898215756,0.3248892486449905
2,103,0.5,0.001,123.39876394786161,0.303574379673124
2,103,0.5,0.01,112.90788945308485,0.2903834469596604
2,103,0.5,0.1,144.16531965107208,0.32812559715206896
2,103,0.5,1.0,195.54609181447924,0.382150367683842
2,103,0.5,10.0,400.4973026665691,0.5469019970468548
2,103,0.5,100.0,737.6691937650321,0.7422334710790242
2,103,1.0,1e-06,152.5608707026048,0.3375446981189804
2,103,1.0,1e-05,152.48057585534465,0.33745585926084204
2,103,1.0,0.0001,151.71257411500852,0.3366049513744188
2,103,1.0,0.001,146.2995894988877,0.3305455122936199
2,103,1.0,0.01,133.73500206434272,0.31603287052683293
2,103,1.0,0.1,142.95403547054056,0.32674422565618033
2,103,1.0,1.0,195.5317579977048,0.38213636133453605
2,103,1.0,10.0,381.9150670005466,0.5340637582111455
2,103,1.0,100.0,721.5832823529176,0.7340961441677377
2,103,2.0,1e-06,174.9869494332716,0.3615035292605942
2,103,2.0,1e-05,174.9764934911882,0.3614927286939147
2,103,2.0,0.0001,174.87295506923735,0.3613857602536975
2,103,2.0,0.001,173.92951324629118,0.360409601483012
2,103,2.0,0.01,169.06406182757954,0.3553328513813264
2,103,2.0,0.1,169.15518439440868,0.3554285975718975
2,103,2.0,1.0,221.23970717266488,0.4064819346978987
2,103,2.0,10.0,430.7558301098968,0.5671857271422287
2,103,2.0,100.0,748.5530697644843,0.7476890309837281
2,103,4.0,1e-06,238.6847492948253,0.42220371159106784
2,103,4.0,1e-05,238.68422488743528,0.4222032477850041
2,103,4.0,0.0001,238.6790276968415,0.42219865116221955
2,103,4.0,0.001,238.6315658766709,0.42215667153603414
2,103,4.0,0.01,238.48344689400525,0.42202563454911535
2,103,4.0,0.1,244.28368764492913,0.4271269211311647
2,103,4.0,1.0,313.0426283429814,0.4835166705314701
2,103,4.0,10.0,569.3878024688886,0.6520993858403484
2,103,4.0,100.0,805.1271310334488,0.775428827387226
3,102,0.015625,1e-06,88.80294994895449,0.2587866891658217
3,102,0.015625,1e-05,90.9650962459682,0.2619181711730299
3,102,0.015625,0.0001,123.71902264474659,0.30545446526526276
3,102,0.015625,0.001,163.15568149553727,0.3507755698074031
3,102,0.015625,0.01,188.3599696207993,0.3768968813095623
3,102,0.015625,0.1,245.0501169560097,0.42988836896425375
3,102,0.015625,1.0,571.4362703474891,0.656465851004498
3,102,0.015625,10.0,892.8491568301731,0.8205731161430907
3,102,0.015625,100.0,961.2801990435623,0.8514384063227118
3,102,0.03125,1e-06,105.55187523854228,0.2821377604401273
3,102,0.03125,1e-05,87.19560795426841,0.25643396233615023
3,102,0.03125,0.0001,99.61387682178265,0.2740868244676203
3,102,0.03125,0.001,142.47666849168024,0.32779333114394443
3,102,0.03125,0.01,175.95926699789976,0.36427914623061614
3,102,0.03125,0.1,211.59779999232808,0.3994696710562164
3,102,0.03125,1.0,446.9855529889388,0.5805972590500185
3,102,0.03125,10.0,832.6648289147477,0.7924344513360168
3,102,0.03125,100.0,953.2691657128642,0.8478831620544027
3,102,0.0625,1e-06,140.9655809594305,0.3260504325787488
3,102,0.0625,1e-05,99.79988569420962,0.27434260611701955
3,102,0.0625,0.0001,88.4738029069427,0.25830664909662787
3,102,0.0625,0.001,116.28162892122101,0.29613094424541997
3,102,0.0625,0.01,159.22152199883035,0.34652065247743374
3,102,0.0625,0.1,193.13802530716885,0.38164724469987354
3,102,0.0625,1.0,343.70038373026927,0.5091177591752165
3,102,0.0625,10.0,744.4487457420789,0.7492825858583981
3,102,0.0625,100.0,938.5959604745913,0.8413323308037375
3,102,0.125,1e-06,157.69396951464043,0.3448544072913026
3,102,0.125,1e-05,130.30479768834817,0.3134789916347521
3,102,0.125,0.0001,96.00085992287924,0.26907032269317177
3,102,0.125,0.001,96.59083865180034,0.26989584976861547
3,102,0.125,0.01,138.27371756252927,0.32292231525739834
3,102,0.125,0.1,177.49881840542173,0.36586930139798046
3,102,0.125,1.0,271.7997276726497,0.45274404489792597
3,102,0.125,10.0,637.1721913270567,0.6931969522260304
3,102,0.125,100.0,913.8412432738073,0.8301634628300346
3,102,0.25,1e-06,151.73743425216674,0.338278663511541
3,102,0.25,1e-05,145.94618194581165,0.3317604465965638
3,102,0.25,0.0001,121.69743399451883,0.30294859909098554
3,102,0.25,0.001,97.74155018149449,0.27149875930803585
3,102,0.25,0.01,115.88271086193937,0.2956225515039778
3,102,0.25,0.1,162.93551750795086,0.3505388197960035
3,102,0.25,1.0,229.76174502753238,0.41626231815646336
3,102,0.25,10.0,533.2122504032887,0.6341299965237159
3,102,0.25,100.0,878.0237712159777,0.8137319625032433
3,102,0.5,1e-06,146.22293531231153,0.3320748513092038
3,102,0.5,1e-05,145.50201725591222,0.3312552310476994
3,102,0.5,0.0001,139.7902991532647,0.3246883865817259
3,102,0.5,0.001,120.53406921000078,0.30149710559681747
3,102,0.5,0.01,111.5939215375638,0.290100520282969
3,102,0.5,0.1,148.6408832211202,0.334809194914561
3,102,0.5,1.0,210.15920780808312,0.3981094157945222
3,102,0.5,10.0,457.7618814533582,0.5875543564298515
3,102,0.5,100.0,839.5121184881481,0.7956860110123687
3,102,1.0,1e-06,154.05069526138948,0.3408474657645141
3,102,1.0,1e-05,153.9642144857761,0.34075178008382984
3,102,1.0,0.0001,153.14329051730897,0.3398421363145887
3,102,1.0,0.001,147.61584717022984,0.333652766065772
3,102,1.0,0.01,135.51528354719565,0.31968508678277274
3,102,1.0,0.1,147.3754885300287,0.33338101679685406
3,102,1.0,1.0,210.35247622142225,0.39829243012577065
3,102,1.0,10.0,434.03441759792196,0.5721242057331285
3,102,1.0,100.0,821.6976031646825,0.7871984821825048
3,102,2.0,1e-06,184.25378418376528,0.37276613093718736
3,102,2.0,1e-05,184.24327526671362,0.372755500424969
3,102,2.0,0.0001,184.13957751439023,0.37265058656058003
3,102,2.0,0.001,183.22343718446564,0.37172241583977267
3,102,2.0,0.01,178.99276048800238,0.3674057686805289
3,102,2.0,0.1,179.94193048973918,0.36837862769259305
3,102,2.0,1.0,240.10774743752103,0.42553111825985407
3,102,2.0,10.0,489.4930493690698,0.6075772482955212
3,102,2.0,100.0,850.8402103921309,0.801036381105941
3,102,4.0,1e-06,261.03845026314144,0.4436908567543134
3,102,4.0,1e-05,261.0379464632607,0.44369042859610847
3,102,4.0,0.0001,261.03295678342016,0.4436861880559944
3,102,4.0,0.001,260.9877002133469,0.44364772435832
3,102,4.0,0.01,260.8652209411712,0.4435436121206913
3,102,4.0,0.1,267.0070668941895,0.44873466051347755
3,102,4.0,1.0,345.34537346105503,0.510334653061524
3,102,4.0,10.0,648.6333722565014,0.6994036310368049
3,102,4.0,100.0,912.1000386450768,0.8293722019426872
4,102,0.015625,1e-06,96.61929523137536,0.26993560378278036
4,102,0.015625,1e-05,88.02996771048699,0.2576579275411522
4,102,0.015625,0.0001,112.66933162144593,0.29149499143425495
4,102,0.015625,0.001,152.2096958605639,0.33880467713164386
4,102,0.015625,0.01,176.9052344107706,0.3652570268099784
4,102,0.015625,0.1,229.73007333266168,0.4162336271585621
4,102,0.015625,1.0,543.6494863764901,0.6403062323402948
4,102,0.015625,10.0,841.4221227600032,0.7965906437218309
4,102,0.015625,100.0,904.5853165008903,0.8259485686682531
4,102,0.03125,1e-06,121.40282903476383,0.30258168815230857
4,102,0.03125,1e-05,91.5892395259122,0.2628151911137846
4,102,0.03125,0.0001,92.4856155814901,0.2640981346433349
4,102,0.03125,0.001,130.97125824028544,0.314279633390419
4,102,0.03125,0.01,164.73783105234168,0.3524722329514283
4,102,0.03125,0.1,197.53275963791606,0.3859648930552211
4,102,0.03125,1.0,425.8978391050257,0.5667362031053564
4,102,0.03125,10.0,785.9297453148745,0.7698747940920893
4,102,0.03125,100.0,897.1875818867265,0.8225643152391927
4,102,0.0625,1e-06,160.66336283971287,0.34808608663689894
4,102,0.0625,1e-05,112.66223033232984,0.29148580515970274
4,102,0.0625,0.0001,88.46891417428152,0.25829951246660104
4,102,0.0625,0.001,106.11864720852242,0.2828942306018004
4,102,0.0625,0.01,147.52037146460376,0.33354484782222454
4,102,0.0625,0.1,180.10412400621482,0.3685446122607226
4,102,0.0625,1.0,326.2240431563556,0.4960051901795327
4,102,0.0625,10.0,704.556687502725,0.728930644845251
4,102,0.0625,100.0,883.6471773673834,0.8163336243533719
4,102,0.125,1e-06,177.6176328802419,0.36599173403477464
4,102,0.125,1e-05,147.53436742959,0.33356066994646677
4,102,0.125,0.0001,104.09148424394107,0.28017916623387457
4,102,0.125,0.001,91.90981185263809,0.26327473027101284
4,102,0.125,0.01,126.52043492503014,0.3088933623354418
4,102,0.125,0.1,164.65859334457608,0.35238745445567393
4,102,0.125,1.0,255.87969535233083,0.43928477396073456
4,102,0.125,10.0,605.2372760036022,0.6756022261855339
4,102,0.125,100.0,860.8332842627933,0.8057267146245826
4,102,0.25,1e-06,168.60433661741914,0.356584620696842
4,102,0.25,1e-05,161.44694172670103,0.34893388774107814
4,102,0.25,0.0001,133.8474011103496,0.31771170079061956
4,102,0.25,0.001,99.45699700037106,0.2738709126076137
4,102,0.25,0.01,106.98693531276179,0.2840492268650379
4,102,0.25,0.1,149.5933171874815,0.3358801467667708
4,102,0.25,1.0,214.4511034364584,0.4021539887230962
4,102,0.25,10.0,508.1853152200843,0.6190693370353427
4,102,0.25,100.0,827.9064874981507,0.790166986713262
4,102,0.5,1e-06,155.60052135119224,0.34255772195967543
4,102,0.5,1e-05,154.72823048045046,0.34159618941340303
4,102,0.5,0.0001,148.00405080186704,0.33409120195408837
4,102,0.5,0.001,124.692926398941,0.3066543620051049
4,102,0.5,0.01,106.32933725503122,0.2831749232286893
4,102,0.5,0.1,135.98363691009519,0.3202370409175638
4,102,0.5,1.0,194.5339160918171,0.38302392532241963
4,102,0.5,10.0,437.2060546127793,0.5742107539084033
4,102,0.5,100.0,792.7258829903635,0.7731962822873367
4,102,1.0,1e-06,155.18956037658137,0.3421050533885504
4,102,1.0,1e-05,155.08805972872347,0.34199315937951996
4,102,1.0,0.0001,154.11791790199078,0.3409218249474258
4,102,1.0,0.001,147.22395420659467,0.33320957831655507
4,102,1.0,0.01,129.2672662594034,0.3122284838676851
4,102,1.0,0.1,135.3182432234492,0.3194525898816417
4,102,1.0,1.0,194.48472029156653,0.3829754906834485
4,102,1.0,10.0,415.976083277925,0.5600959323655477
4,102,1.0,100.0,777.1385058816193,0.7655568591466214
4,102,2.0,1e-06,174.78153082503022,0.3630579970465873
4,102,2.0,1e-05,174.76589993897534,0.36304176236480934
4,102,2.0,0.0001,174.61098973319278,0.36288082896186297
4,102,2.0,0.001,173.18875316581153,0.361399943872755
4,102,2.0,0.01,165.49698061274762,0.35328343576010507
4,102,2.0,0.1,163.34228074867872,0.35097610145473873
4,102,2.0,1.0,226.76644313063198,0.41354010342680964
4,102,2.0,10.0,473.75727574298236,0.5977315562866256
4,102,2.0,100.0,805.6095517323533,0.7794540920078473
4,102,4.0,1e-06,246.96802929050295,0.43156737499870773
4,102,4.0,1e-05,246.96693686549145,0.4315664205117701
4,102,4.0,0.0001,246.95607613039238,0.43155693102268644
4,102,4.0,0.001,246.85365337459714,0.4314674296125239
4,102,4.0,0.01,246.3162080527852,0.43099748213000283
4,102,4.0,0.1,253.81206535149653,0.43750635880015565
4,102,4.0,1.0,342.3091909612909,0.5080863388474907
4,102,4.0,10.0,633.4549731877812,0.6911719631505502
4,102,4.0,100.0,863.4027966847806,0.8069283306670846
5,102,0.015625,1e-06,88.27935159553911,0.25802263454259977
5,102,0.015625,1e-05,83.70376538901618,0.2512469136240143
5,102,0.015625,0.0001,121.71915724189742,0.30297563636485997
5,102,0.015625,0.001,162.3963858490756,0.349958396416675
5,102,0.015625,0.01,180.60232556039284,0.36905399176666365
5,102,0.015625,0.1,225.72941342444267,0.4125934360327942
5,102,0.015625,1.0,535.7676975867332,0.6356477305833211
5,102,0.015625,10.0,832.2672394193905,0.7922452388091896
5,102,0.015625,100.0,896.1003482219564,0.8220657624633487
5,102,0.03125,1e-06,111.06852229881393,0.2894167983749549
5,102,0.03125,1e-05,83.10675538507363,0.25034931159641244
5,102,0.03125,0.0001,92.55391820342294,0.2641956377290131
5,102,0.03125,0.001,143.00414089093147,0.32839954338997135
5,102,0.03125,0.01,171.72478049355067,0.35986923686555244
5,102,0.03125,0.1,195.89892723141708,0.3843653828520531
5,102,0.03125,1.0,419.5703647255537,0.5625105091865972
5,102,0.03125,10.0,776.3983024089398,0.7651921861574155
5,102,0.03125,100.0,888.6041365777227,0.8186200988232439
5,102,0.0625,1e-06,159.72518966403607,0.3470682965376781
5,102,0.0625,1e-05,100.92754058543825,0.27588817299964974
5,102,0.0625,0.0001,81.65085627435957,0.24814676037890496
5,102,0.0625,0.001,112.34688564378797,0.29107758089967045
5,102,0.0625,0.01,158.61342684300195,0.34585830763701475
5,102,0.0625,0.1,182.029399128072,0.3705092080487651
5,102,0.0625,1.0,320.65135675750525,0.49175046459049354
5,102,0.0625,10.0,694.8560791897886,0.7238951529405491
5,102,0.0625,100.0,874.8772886155319,0.8122726105364512
5,102,0.125,1e-06,180.0020258574976,0.36844013642767376
5,102,0.125,1e-05,141.4471816855837,0.3266069238689576
5,102,0.125,0.0001,93.16627064105194,0.26506817848743275
5,102,0.125,0.001,88.97398767805392,0.2590357855948547
5,102,0.125,0.01,137.52244027395687,0.3220438596947419
5,102,0.125,0.1,171.36907642643516,0.35949633405351283
5,102,0.125,1.0,251.1564132836414,0.4352115115568346
5,102,0.125,10.0,595.8248063019992,0.6703282588304974
5,102,0.125,100.0,851.7219351573586,0.801451330187081
5,102,0.25,1e-06,165.39110492155876,0.35317041221131107
5,102,0.25,1e-05,157.42469345642576,0.3445598471642444
5,102,0.25,0.0001,124.92550398059397,0.3069402150440826
5,102,0.25,0.001,91.63759681221026,0.2628845625400587
5,102,0.25,0.01,110.49843384660139,0.288673088843025
5,102,0.25,0.1,160.48166677744757,0.3478892036585899
5,102,0.25,1.0,212.33535431619987,0.40016526969997934
5,102,0.25,10.0,499.0122980259224,0.6134566269933459
5,102,0.25,100.0,818.1846243547172,0.7855139368998423
5,102,0.5,1e-06,147.3309494107922,0.33333063657746853
5,102,0.5,1e-05,146.46767042980042,0.33235263399835024
5,102,0.5,0.0001,139.57170614197324,0.32443442625536517
5,102,0.5,0.001,116.27546793782,0.2961230991454844
5,102,0.5,0.01,103.9863905287308,0.280037692098807
5,102,0.5,0.1,145.47769138323042,0.3312275393030947
5,102,0.5,1.0,196.4616181393261,0.38491700358984376
5,102,0.5,10.0,427.0943740805302,0.5675317507815719
5,102,0.5,100.0,781.9029433879434,0.767899990045496
5,102,1.0,1e-06,143.48315040129071,0.328949090397544
5,102,1.0,1e-05,143.40225913842673,0.3288563517774808
5,102,1.0,0.0001,142.62913571552957,0.32796867345199204
5,102,1.0,0.001,137.2862460211275,0.32176718631314627
5,102,1.0,0.01,126.32613968665648,0.3086560901161749
5,102,1.0,0.1,140.52247559373572,0.32553758253438975
5,102,1.0,1.0,197.7522820781415,0.3861792990818156
5,102,1.0,10.0,402.6754971277445,0.5510688210160656
5,102,1.0,100.0,764.4320860371131,0.7592725372684106
5,102,2.0,1e-06,164.872139292543,0.3526158862946731
5,102,2.0,1e-05,164.86540573207603,0.35260868560981046
5,102,2.0,0.0001,164.7989314877703,0.3525375919834877
5,102,2.0,0.001,164.21162355557735,0.351908847244442
5,102,2.0,0.01,161.91849882876716,0.34944310233758746
5,102,2.0,0.1,167.04687051866438,0.35493384181472154
5,102,2.0,1.0,222.99213823488378,0.4100841783824888
5,102,2.0,10.0,452.60946696536075,0.584238341468661
5,102,2.0,100.0,790.8618264798878,0.7722866804511965
5,102,4.0,1e-06,233.7615010501541,0.4198698902920664
5,102,4.0,1e-05,233.7622432990218,0.41987055688537167
5,102,4.0,0.0001,233.76968838135753,0.4198772430506243
5,102,4.0,0.001,233.84630248040156,0.41994604128034096
5,102,4.0,0.01,234.7585213672836,0.42076433483070197
5,102,4.0,0.1,245.13600376975432,0.429963697448395
5,102,4.0,1.0,322.10100980306277,0.49286080397901466
5,102,4.0,10.0,602.5399186071422,0.6740950688482352
5,102,4.0,100.0,849.1874612051799,0.8002580000665866
