scope,model,loss_domain,R2,Spearman,RMSE,MAE
train_oof,ridge,arxiv,0.47204953857158316,0.7548743076298052,0.7367332793479674,0.5825026385149419
train_oof,ridge,freelaw,0.6011666176133045,0.8136314494855862,0.49490742485546885,0.42643424084700254
train_oof,ridge,pubmed_central,0.5165940288782265,0.7706201863105251,0.5925378848204683,0.5008576919660055
train_oof,ridge,wikipedia_en,0.6782443311257875,0.8529567175644591,0.2999974113625875,0.2490417293031195
train_oof,ridge,dm_mathematics,0.3657803673632003,0.6886567517538138,1.2211178349224259,1.118555532379455
train_oof,ridge,github,0.5352049804373156,0.8085483757910759,0.7197471335077433,0.5815421899571612
train_oof,ridge,stackexchange,0.5339767121643868,0.8009811200375366,0.5294489762718867,0.4278359481138869
train_oof,ridge,gutenberg_pg_19,0.6716379929591216,0.8726773769469334,0.24932000658257716,0.19356533667316717
train_oof,ridge,pile_cc,0.7503473068811979,0.8809137569952277,0.16010144832506154,0.12997372883986302
train_oof,ridge,ubuntu_irc,0.5341453686352501,0.757482944661883,0.701399017296114,0.6137331389468212
train_oof,ridge,hackernews,0.6481054567712683,0.8300448431295132,0.2030793209742082,0.16392988268461828
train_oof,ridge,pubmed_abstracts,0.7156568691502554,0.9041526833636602,0.3117528940128341,0.23816653785801506
train_oof,ridge,uspto_backgrounds,0.722104790966908,0.8627198168080018,0.2798421667206497,0.23387014648295867
train_oof,sqrt_krr,arxiv,0.8866080500855938,0.9597477569494514,0.3414324645544906,0.23776880786735477
train_oof,sqrt_krr,freelaw,0.9694178002296794,0.9854750675203993,0.13704480555035423,0.10160937196276985
train_oof,sqrt_krr,pubmed_central,0.9114488547519428,0.9611679026332955,0.25360464789844345,0.1927283133835806
train_oof,sqrt_krr,wikipedia_en,0.9747129211998099,0.9897340740550005,0.08410149860847317,0.0601598898604828
train_oof,sqrt_krr,dm_mathematics,0.8406918839527698,0.9135847967521544,0.6120074154432047,0.4937374530351327
train_oof,sqrt_krr,github,0.921106332958408,0.9727145882686167,0.2965311231025265,0.2212028486121226
train_oof,sqrt_krr,stackexchange,0.9403846896888916,0.9797480823920532,0.1893647799728644,0.14147482172382353
train_oof,sqrt_krr,gutenberg_pg_19,0.9316353440067745,0.9745494050480081,0.11376181054067831,0.08061547513646891
train_oof,sqrt_krr,pile_cc,0.9720122104530828,0.9866997688284638,0.05360575693601682,0.03790454875136473
train_oof,sqrt_krr,ubuntu_irc,0.9077146342013573,0.9409693611883588,0.3121809251740944,0.24779826174653893
train_oof,sqrt_krr,hackernews,0.9378426843919909,0.9744268276284319,0.08535040015199583,0.06352599716053481
train_oof,sqrt_krr,pubmed_abstracts,0.9456956868559142,0.9869803289616738,0.13624051785053193,0.08943338096219461
train_oof,sqrt_krr,uspto_backgrounds,0.97805039050328,0.9882533102161798,0.07864769955941087,0.05000922444467697
1m,ridge,arxiv,0.4297531309126137,0.7386015106431676,0.5886967427430125,0.49036906077499276
1m,ridge,freelaw,0.5749009743297764,0.7702406157015333,0.48052080394066077,0.4171247220441153
1m,ridge,pubmed_central,0.5967571054847928,0.8292164969100478,0.5309851655018231,0.4583011625616898
1m,ridge,wikipedia_en,0.7069367893394383,0.8783245593957424,0.2957800257402312,0.24661684521264254
1m,ridge,dm_mathematics,0.4279033106319201,0.7644569695582512,1.159814233909522,1.0505395357033953
1m,ridge,github,0.5577131281438872,0.8364399748226138,0.6126963790770303,0.5068348246890003
1m,ridge,stackexchange,0.5435263819421616,0.8179095616845958,0.44864794325264507,0.3715940553864616
1m,ridge,gutenberg_pg_19,0.6730697792257396,0.8893732833600365,0.25652928776303074,0.20087105349750314
1m,ridge,pile_cc,0.7712355957170283,0.9017988956282901,0.15329101471388484,0.12419380170499508
1m,ridge,ubuntu_irc,0.576824760930938,0.7638325417715723,0.6488384269703333,0.5661982875509025
1m,ridge,hackernews,0.6805387993712462,0.8437499999999999,0.19007544787818226,0.15552501953629783
1m,ridge,pubmed_abstracts,0.7879610299063433,0.9225587949187456,0.26261406375919644,0.2030952689869487
1m,ridge,uspto_backgrounds,0.7145400931679577,0.8478556305790798,0.2725302964288745,0.22439158860300712
1m,sqrt_krr,arxiv,0.8710207569280966,0.953235866330968,0.27997553943335907,0.18773879361858098
1m,sqrt_krr,freelaw,0.9765034967315935,0.9897595273517965,0.11297146432564391,0.08754248301884149
1m,sqrt_krr,pubmed_central,0.9441040440349973,0.9632274261844814,0.19769205703585385,0.15731090499284128
1m,sqrt_krr,wikipedia_en,0.9824161311770278,0.9921177615014876,0.07245117086713052,0.05362730659777848
1m,sqrt_krr,dm_mathematics,0.8560700481233362,0.9080109864957654,0.5817405097846874,0.4821745677793994
1m,sqrt_krr,github,0.9364798777240738,0.9762960631723505,0.23219290876410734,0.17110028683398937
1m,sqrt_krr,stackexchange,0.9462184232889755,0.9795562485694663,0.15399783135985465,0.11978679992075864
1m,sqrt_krr,gutenberg_pg_19,0.9651351449355559,0.989532072556649,0.08377286213862872,0.06110134888490952
1m,sqrt_krr,pile_cc,0.979855538771874,0.9912665941863125,0.045488362438677404,0.034189761258198136
1m,sqrt_krr,ubuntu_irc,0.9162072828836099,0.9362096589608605,0.288721799123929,0.22390896323841084
1m,sqrt_krr,hackernews,0.9580100285139774,0.98232218471046,0.06891119046844588,0.053729927449672
1m,sqrt_krr,pubmed_abstracts,0.9696607488411855,0.9885879205767909,0.0993373489562577,0.07516148287281392
1m,sqrt_krr,uspto_backgrounds,0.9889877975721103,0.9923888475623711,0.05352779107437622,0.0404662797728796
60m,ridge,arxiv,-9.331827473062809,0.7561033703364612,1.8318458288711765,1.7648822755181355
60m,ridge,freelaw,-4.032069986800976,0.7629906729228655,1.4450196698809736,1.3798890292481474
60m,ridge,pubmed_central,-8.53706269591746,0.8490036335545891,1.7565542358695734,1.7103468395484105
60m,ridge,wikipedia_en,-6.5011523532383215,0.8802014190890363,1.3713289347425737,1.3422323282900712
60m,ridge,dm_mathematics,-3.13912297721758,0.748442149233234,1.5629928603181409,1.4206622610136204
60m,ridge,github,-13.746227228217624,0.8386387045090409,2.634939515139703,2.5827086248073705
60m,ridge,stackexchange,-9.071526965593034,0.81698686770428,1.7654868951613265,1.7205844101159347
60m,ridge,gutenberg_pg_19,-5.904565497085324,0.8928501945525291,1.011338488161445,0.9890173419187526
60m,ridge,pile_cc,-10.81618459622481,0.8927872510872052,1.0787711591925002,1.0674640219385645
60m,ridge,ubuntu_irc,-7.418427513250636,0.761096646829938,2.038603599669504,1.9659151331834601
60m,ridge,hackernews,-9.732346689441929,0.8380779354543373,1.0091248017909173,0.9932693817264335
60m,ridge,pubmed_abstracts,-5.316668855583174,0.9202062829022658,1.3748075249118739,1.3495877215874506
60m,ridge,uspto_backgrounds,-9.836288311742223,0.8284146829938199,1.422939250550639,1.3982415777172932
60m,sqrt_krr,arxiv,-7.670928729331147,0.960222590981918,1.6781591896670738,1.6417826860498856
60m,sqrt_krr,freelaw,-3.490858715998902,0.9901207370107574,1.3651020491789434,1.3582105680987298
60m,sqrt_krr,pubmed_central,-8.033404576048289,0.9645120450904094,1.7095427893796027,1.6778367651530492
60m,sqrt_krr,wikipedia_en,-6.4343571082249085,0.9908202677958341,1.3652096697439748,1.3623402241048448
60m,sqrt_krr,dm_mathematics,-2.8571744931460925,0.8958028152895396,1.5088201395158187,1.3052183433483613
60m,sqrt_krr,github,-12.03788756063652,0.9738384069581137,2.477614906345718,2.4526228561249015
60m,sqrt_krr,stackexchange,-7.724254380241041,0.9796678301670863,1.643164329061612,1.6321243337149935
60m,sqrt_krr,gutenberg_pg_19,-5.3389344232887,0.9857998111696039,0.9690283611264892,0.9633623355094808
60m,sqrt_krr,pile_cc,-10.744952168132812,0.9880335889219499,1.0755146236672453,1.0742541276183233
60m,sqrt_krr,ubuntu_irc,-7.042319496665247,0.9368662737468526,1.9925441793707606,1.9543370797829556
60m,sqrt_krr,hackernews,-9.184714742254071,0.9784468699931332,0.9830417624833862,0.979694365385255
60m,sqrt_krr,pubmed_abstracts,-5.165620407960313,0.9879706454566262,1.3582704024494814,1.3542350013771711
60m,sqrt_krr,uspto_backgrounds,-9.263077747044186,0.9884706168459599,1.3847931063489227,1.381033284471492
1B,ridge,arxiv,-935.2196574622095,0.8397435897435896,3.210219678206473,3.193953054771595
1B,ridge,freelaw,-591.4753330251767,0.7016483516483515,3.372353762271582,3.3663959110897435
1B,ridge,pubmed_central,-4171.016882624059,0.761492673992674,3.384723324440836,3.3660356524494186
1B,ridge,wikipedia_en,-436.4910280187493,0.788690476190476,3.3093569629822195,3.306433196853389
1B,ridge,dm_mathematics,-80.11269688661613,0.6766483516483516,2.677294820301826,2.6177900535175853
1B,ridge,github,-1371.8070721073584,0.6655219780219779,4.447327428478521,4.437445981768696
1B,ridge,stackexchange,-753.2152102898411,0.7255494505494505,3.548051939999798,3.543042666971939
1B,ridge,gutenberg_pg_19,-121.58790695163793,0.620650183150183,2.6792783607745827,2.6731283858922894
1B,ridge,pile_cc,-708.4507939304058,0.8810897435897433,2.683923280232087,2.6813872330506827
1B,ridge,ubuntu_irc,-93.97579631471596,0.6523809523809523,4.120584903902835,4.063084973051068
1B,ridge,hackernews,-138.09763798394658,0.5689102564102563,2.3220185986366326,2.3157725805672578
1B,ridge,pubmed_abstracts,-716.1882497516547,0.6384615384615384,3.0285899949492583,3.019362487384026
1B,ridge,uspto_backgrounds,-422.02710959528923,0.7428571428571429,2.8889470167000746,2.88586354243035
1B,sqrt_krr,arxiv,-561.1783041336956,0.696153846153846,2.4876135590214945,2.4758306091143867
1B,sqrt_krr,freelaw,-413.5561939788784,0.9904304029304027,2.820913007949897,2.814572622502813
1B,sqrt_krr,pubmed_central,-2438.990605402929,0.6775641025641026,2.588476477208264,2.585176656138801
1B,sqrt_krr,wikipedia_en,-361.7174318451841,0.9874999999999998,3.0133061167578363,3.011638923281378
1B,sqrt_krr,dm_mathematics,-61.25432351975122,0.9381868131868132,2.3455059351563143,2.075960557734231
1B,sqrt_krr,github,-937.7050525839524,0.9218864468864468,3.6775529018414335,3.671498720001937
1B,sqrt_krr,stackexchange,-553.424415533888,0.9396520146520145,3.042030045788329,3.0390015193090356
1B,sqrt_krr,gutenberg_pg_19,-105.20736322946922,0.9364010989010988,2.493855782254316,2.4926332144207906
1B,sqrt_krr,pile_cc,-605.0681193067353,0.9597069597069594,2.480673902129756,2.4803303769458935
1B,sqrt_krr,ubuntu_irc,-91.95886525224618,0.8633699633699633,4.076597203154817,4.055451398360546
1B,sqrt_krr,hackernews,-120.13558071545809,0.8233058608058607,2.1669140182661244,2.1645084402615318
1B,sqrt_krr,pubmed_abstracts,-617.9093574639669,0.9358058608058606,2.813438492338898,2.812010117464558
1B,sqrt_krr,uspto_backgrounds,-358.3641354124974,0.9876831501831501,2.662703708417421,2.658976453387717
