N_B,D_B,D_over_N,Q,L,c_base,c_qual,c_attn,c_tot,f_base,f_qual,f_attn,form,L_ctx,C
0.07814835867691616,1.9964075852310676,25.546378951920023,0.5510126482511164,3.7269411072086203,9.360958562157213e+17,0.0,6.390414378432658e+16,1.0000000000000479e+18,0.9360958562157213,0.0,0.06390414378432657,幂函数型,2048,1e+18
0.0823852338491746,2.1248080038073436,25.79112669264617,0.5510126482511165,3.6943010485726515,1.050316825669595e+18,759.8905576970614,7.1701628632377704e+16,1.1220184543019735e+18,0.9360958562156827,6.772531724264799e-16,0.06390414378432395,幂函数型,2048,1.1220184543019653e+18
0.0868518221623822,2.261466391692984,26.038214690128676,0.5510126482511164,3.662219030431379,1.1784748612651392e+18,0.0,8.045055052903349e+16,1.2589254117941727e+18,0.9360958562156775,0.0,0.06390414378432357,幂函数型,2048,1.2589254117941714e+18
0.09156058357706427,2.4069137078648124,26.287662374267992,0.5510126482511164,3.6306855120791073,1.322270542270427e+18,0.0,9.026700235232782e+16,1.4125375446227548e+18,0.9360958562156798,0.0,0.06390414378432376,幂函数型,2048,1.4125375446227497e+18
0.09652461249834851,2.5617161461153617,26.53951235659394,0.5510126482511165,3.5996911159256455,1.483611950007288e+18,916.1410854275327,1.0128124245383086e+17,1.58489319246112e+18,0.9360958562156813,5.78045946430559e-16,0.06390414378432384,幂函数型,2048,1.5848931924611108e+18
0.10175777650929942,2.7264746473356274,26.793771845893872,0.5510126482511164,3.5692266247075763,1.6646399869310984e+18,0.0,1.1363942310782965e+17,1.7782794100389281e+18,0.9360958562156793,0.0,0.0639041437843237,幂函数型,2048,1.7782794100389228e+18
0.10727466404378086,2.9018296192525783,27.05046569121191,0.5510126482511165,3.539282978747168,1.8677567851056773e+18,1037.7751419255417,1.2750552986321424e+17,1.9952623149688927e+18,0.9360958562156805,5.201196525088112e-16,0.0639041437843238,幂函数型,2048,1.995262314968883e+18
0.11309066507486812,3.088462370212595,27.30961364643117,0.5510126482511164,3.509851273258176,2.0956575810362757e+18,0.0,1.4306355753207642e+17,2.2387211385683523e+18,0.9360958562156787,0.0,0.06390414378432366,幂函数型,2048,2.238721138568347e+18
0.1192219533101333,3.287099417705202,27.571259541054797,0.5510126482511164,3.4809227556976854,2.351366479820496e+18,0.0,1.6051995168907917e+17,2.511886431509575e+18,0.9360958562156776,0.0,0.06390414378432359,幂函数型,2048,2.511886431509572e+18
0.125685682953905,3.498511155208801,27.835399171852163,0.5510126482511166,3.4524888231632396,2.6382765831856404e+18,2502.330175787545,1.8010634807880637e+17,2.8183829312644495e+18,0.9360958562156757,8.878602506526291e-16,0.06390414378432346,幂函数型,2048,2.818382931264449e+18
0.1324998446062652,3.72352010761915,28.102071505698092,0.5510126482511164,3.4245410198344706,2.9601950138870477e+18,0.0,2.020826462813558e+17,3.1622776601684035e+18,0.9360958562156836,0.0,0.063904143784324,幂函数型,2048,3.1622776601683794e+18
0.13968343594854332,3.9630008279786884,28.371301157272374,0.5510126482511164,3.3970710344584703,3.3213934339139113e+18,0.0,2.2674045842185635e+17,3.5481338923357676e+18,0.9360958562156784,0.0,0.06390414378432364,幂函数型,2048,3.5481338923357604e+18
0.1472565009368319,4.2178836510217295,28.643106580612425,0.5510126482511164,3.370070697878135,3.726664726848775e+18,0.0,2.5440697868620973e+17,3.9810717055349847e+18,0.9360958562156763,0.0,0.0639041437843235,幂函数型,2048,3.9810717055349857e+18
0.15524014989967727,4.48915932210265,28.91751473445326,0.5510126482511165,3.3435319806027977,4.1813865965204946e+18,1605.4484804043714,2.8544932498913245e+17,4.4668359215096284e+18,0.9360958562156787,3.594151449963697e-16,0.06390414378432367,幂函数型,2048,4.4668359215096166e+18
0.16365662588159283,4.777882655828939,29.194556774534647,0.5510126482511164,3.317446990420365,4.691592925866886e+18,0.0,3.2027941040584614e+17,5.011872336272732e+18,0.9360958562156797,0.0,0.06390414378432374,幂函数型,2048,5.011872336272715e+18
0.17252939608279513,5.085175784932153,29.4742571433556,0.5510126482511164,3.2918079700503107,5.264053842895188e+18,0.0,3.593594090083115e+17,5.623413251903499e+18,0.9360958562156779,0.0,0.0639041437843236,幂函数型,2048,5.623413251903491e+18
0.18188320954938658,5.4122327278042475,29.75663746649835,0.5510126482511164,3.2666072948367613,5.906365556167609e+18,0.0,4.032078886343755e+17,6.309573444801985e+18,0.9360958562156828,0.0,0.06390414378432395,幂函数型,2048,6.309573444801943e+18
0.19174418675223628,5.760323397649906,30.04171075649429,0.5510126482511164,3.2418374704810478,6.62705115187356e+18,0.0,4.5240669196790163e+17,7.079457843841461e+18,0.9360958562156844,0.0,0.06390414378432405,幂函数型,2048,7.079457843841402e+18
0.20213976609745085,6.1308023268253535,30.329521227751474,0.5510126482511164,3.2174911308130176,7.435673690005107e+18,0.0,5.076086572376819e+17,7.943282347242789e+18,0.9360958562156765,0.0,0.0639041437843235,幂函数型,2048,7.943282347242789e+18
0.21309894516663913,6.525109023752136,30.62009067501311,0.5510126482511164,3.1935610356004296,8.342963100353392e+18,0.0,5.695462809841249e+17,8.912509381337516e+18,0.9360958562156845,0.0,0.06390414378432407,幂函数型,2048,8.91250938133744e+18
0.22465229463030703,6.944775538246337,30.913441368025282,0.5510126482511164,3.1700400683958474,9.360958562156792e+18,0.0,6.39041437843237e+17,1.0000000000000029e+19,0.9360958562156791,0.0,0.0639041437843237,幂函数型,2048,1e+19
0.23683202122013636,7.391433108428964,31.20960193790094,0.5510126482511164,3.1469212344202875,1.0503168256695998e+19,0.0,7.170162863237802e+17,1.1220184543019778e+19,0.9360958562156869,0.0,0.06390414378432424,幂函数型,2048,1.1220184543019653e+19
0.24967205817670785,7.8668185103241015,31.508606000100677,0.5510126482511164,3.124197658483102,1.1784748612651446e+19,0.0,8.045055052903388e+17,1.2589254117941785e+19,0.9360958562156818,0.0,0.0639041437843239,幂函数型,2048,1.2589254117941713e+19
0.2632082723253228,8.372777259802525,31.81046395629183,0.5510126482511164,3.101862582937384,1.3222705422704237e+19,0.0,9.026700235232759e+17,1.4125375446227513e+19,0.9360958562156775,0.0,0.06390414378432359,幂函数型,2048,1.4125375446227497e+19
0.27747829251505424,8.911279368678386,32.115230665097585,0.5510126482511164,3.079909365670344,1.4836119500073054e+19,0.0,1.0128124245383206e+18,1.5848931924611375e+19,0.9360958562156921,0.0,0.0639041437843246,幂函数型,2048,1.5848931924611109e+19
0.3086256337762402,8.596600283988348,27.854459718083746,0.5762487155184346,3.0580647173621545,1.5918787265801462e+19,7.772842905756776e+17,1.0867225440120465e+18,1.7782794100389186e+19,0.8951791926474048,0.043709907801196685,0.06111089955139616,幂函数型,2048,1.7782794100389229e+19
0.34333136051222574,8.290283753018771,24.146596281359976,0.6043599734041151,3.0359666200873465,1.7077886399738014e+19,1.7088863717287183e+18,1.165850378222115e+18,1.995262314968885e+19,0.8559218640885499,0.08564720332300614,0.058430932588445,幂函数型,2048,1.9952623149688828e+19
0.3801543512771162,8.063883695396505,21.21213046307677,0.6325552690895537,3.0136740351855966,1.839312284998544e+19,2.738451349139599e+18,1.2556371865590062e+18,2.238721138568404e+19,0.821590618550543,0.12232212855643233,0.05608725289305041,幂函数型,2048,2.238721138568347e+19
0.4196381788543761,7.887894695060971,18.796894783489773,0.6612042297216181,2.9912287462229696,1.986037058898288e+19,3.9026924272382894e+18,1.3558012988745646e+18,2.5118864315095732e+19,0.7906555941323893,0.15536898397484009,0.05397542189277112,幂函数型,2048,2.511886431509572e+19
0.4623150141481926,7.743556511163232,16.749524186296654,0.6906002646931744,2.96865815781224,2.147977462809455e+19,5.237702069938939e+18,1.4663526146112548e+18,2.8183829312644743e+19,0.7621311635767603,0.18584068232307516,0.0520281541001735,幂函数型,2048,2.8183829312644493e+19
0.5087587399864242,7.617579512591136,14.972872039101293,0.7210114916802327,2.9459791584538633,2.3253060927433593e+19,6.782306714938052e+18,1.5874089593128003e+18,3.1622776601684447e+19,0.7353263510135747,0.2144753700905859,0.050198278895860045,幂函数型,2048,3.162277660168379e+19
0.5596306627275657,7.499484092131615,13.400774102655712,0.7527159780781472,2.923200109216332,2.5181647515566707e+19,8.580624270728958e+18,1.7190671370626872e+18,3.548133892335835e+19,0.7097152553899102,0.24183484984215955,0.04844989476795121,幂函数型,2048,3.5481338923357606e+19
0.6157411766734275,7.379882860903876,11.98536518342668,0.7860399227651946,2.900321614126805,2.726458653891008e+19,1.0684868075387181e+19,1.8612624410562616e+18,3.981071705535353e+19,0.6848554498780675,0.2683917514103485,0.04675279871167608,幂函数型,2048,3.981071705534986e+19
0.6781556660420982,7.248874561615433,10.689101226451216,0.8214204313709269,2.87733612164482,2.9495192138327618e+19,1.3159628626792473e+19,2.0135384499764987e+18,4.466835921509659e+19,0.6603151012620896,0.29460738782509455,0.045077510912825317,幂函数型,2048,4.466835921509617e+19
0.7484422295985971,7.093252204390712,9.477354328596544,0.8595550673318291,2.8542256459035475,3.1853336969756086e+19,1.6090865255835693e+19,2.1745211371353487e+18,5.0118723362727125e+19,0.6355576286175942,0.3210549706021109,0.04338740078029443,幂函数型,2048,5.011872336272715e+19
0.8294863003481558,6.88776773828332,8.303654605738943,0.9019199606113548,2.830954420103585,3.42798538733161e+19,1.9614107287967146e+19,2.340171357751713e+18,5.623413251903495e+19,0.6095915832206104,0.3487936313648635,0.04161478541452701,幂函数型,2048,5.6234132519034905e+19
0.931805873275925,6.524610418301406,7.002113428801438,0.9549931667432692,2.807434308583865,3.6478021851663237e+19,2.4127479637949485e+19,2.490232958406877e+18,6.3095734448019595e+19,0.5781376850714871,0.38239478229430207,0.03946753263421352,幂函数型,2048,6.309573444801943e+19
1.0315301904686256,6.348842135268172,6.1547807266638355,1.0,2.783271400863103,3.929413402229048e+19,2.8817964866871304e+19,2.6824795492550303e+18,7.079457843841682e+19,0.5550443958992345,0.4070645733407506,0.03789103076005441,幂函数型,2048,7.0794578438414025e+19
1.0689174975579494,6.973649742335407,6.52402992585248,1.0,2.7596745858505023,4.4725537388536816e+19,3.165402273150066e+19,3.05326335239078e+18,7.943282347242825e+19,0.5630611557457932,0.3985005360219653,0.03843830823224614,幂函数型,2048,7.94328234724279e+19
1.107934887899015,7.65645999617781,6.910568553984984,0.9999999999999994,2.736681226002305,5.089715488541133e+19,3.475335982111915e+19,3.47457910684408e+18,8.912509381337457e+19,0.5710754705289695,0.3899391106829213,0.03898541878811098,幂函数型,2048,8.91250938133744e+19
1.1486652889136382,8.402249365918527,7.314793479887461,0.9999999999999999,2.71427304776686,5.790823317256342e+19,3.813856477619033e+19,3.9532020512469965e+18,1.0000000000000074e+20,0.5790823317256342,0.3813856477619033,0.03953202051246996,幂函数型,2048,1e+20
1.1911965666668258,9.216375515269817,7.737073605793569,1.0,2.6924323527832237,6.587108922540963e+19,4.183395651366591e+19,4.496799691121297e+18,1.1220184543019683e+20,0.5870767006803789,0.37284552988650993,0.04007776943311386,幂函数型,2048,1.1220184543019654e+20
1.235621269224758,10.10460465452857,8.177752282354534,1.0,2.6711420004575235,7.491278656945793e+19,4.586570838015154e+19,5.114046229808329e+18,1.258925411794178e+20,0.5950534151399418,0.3643242717198434,0.04062231314022004,幂函数型,2048,1.2589254117941713e+20
1.2820373276343742,11.073136033648964,8.637140116724375,1.0,2.6503853910927204,8.517704237466727e+19,5.026195932816396e+19,5.814752759443953e+18,1.4125375446227517e+20,0.6030072807545498,0.35582742221260794,0.04116529703284393,幂函数型,2048,1.4125375446227496e+20
1.3305479777259164,12.128631642228395,9.115516197287258,1.0,2.6301464495526927,9.682635782489732e+19,5.5052948727035535e+19,6.610012694179657e+18,1.584893192461125e+20,0.610933016088863,0.34736062334614637,0.04170636056499971,幂函数型,2048,1.5848931924611108e+20
1.3812623372369992,13.278244150947813,9.613122571276994,1.0,2.6104096094421383,1.1004443130205014e+20,6.027114319162236e+19,7.512366510219957e+18,1.7782794100389246e+20,0.618825313282132,0.338929545331142,0.04224514138672689,幂函数型,2048,1.778279410038923e+20
1.4342958326299566,14.529646886193206,10.130160428306706,1.0,2.5911597977840755,1.2503887187071043e+20,6.595137263980427e+19,8.535986986373833e+18,1.9952623149688855e+20,0.6266788628875621,0.3305398600726482,0.042781277039790906,幂函数型,2048,1.995262314968883e+20
1.489770134425675,15.891068796911444,10.666792433074011,1.0,2.572382420177254,1.4204423818645447e+20,7.213098901018513e+19,9.696886660195293e+18,2.238721138568349e+20,0.6344883055747228,0.3221972927647103,0.04331440166056775,幂函数型,2048,2.238721138568347e+20
1.5478137242426735,17.37132748695559,11.223138298153527,1.0,2.554063346416089,1.6132547455574308e+20,7.885001619887602e+19,1.101315239633873e+19,2.5118864315095784e+20,0.642248282135873,0.3139075684703206,0.04384414939380894,幂函数型,2048,2.5118864315095718e+20
1.608563290366671,18.979856879230468,11.799260242289892,1.0,2.5361888965561716,1.8318180619406075e+20,8.615127562953743e+19,1.2505211302847881e+19,2.8183829312644606e+20,0.6499535750164277,0.3056762609291216,0.0443701640544548,幂函数型,2048,2.818382931264449e+20
1.6721615389720879,20.726765040400974,12.395193022524692,1.0,2.5187458274088232,2.0795099596721858e+20,9.408064872492563e+19,1.4196121324695456e+19,3.1622776601683965e+20,0.6575987889569,0.297509133716981,0.04489207732612438,幂函数型,2048,3.1622776601683794e+20
1.738760927814851,22.62284748401174,13.01090168413348,1.0,2.5017213194484773,2.3601433968668472e+20,1.0268713729094799e+20,1.6111912255944344e+19,3.5481338923357707e+20,0.665178786506602,0.28941167500121695,0.04540953849218403,幂函数型,2048,3.54813389233576e+20
1.8085208755004638,24.679656227170057,13.646320903174848,1.0,2.4851029641171474,2.6780204092207238e+20,1.1202317697115126e+20,1.8281952660280142e+19,3.9810717055350374e+20,0.6726883129227247,0.2813894982484304,0.045922188828858006,幂函数型,2048,3.9810717055349857e+20
1.8816112597967316,26.909516784133064,14.301315770740056,0.9999999999999999,2.468878751510614,3.037994986602835e+20,1.2214471438214052e+20,2.0739379108542018e+19,4.46683592150966e+20,0.6801223595372428,0.27344795405169114,0.04642968641107577,幂函数型,2048,4.466835921509617e+20
1.958210992721423,29.325591514084525,14.97570569417001,0.9999999999999992,2.4530370584313097,3.445541740256304e+20,1.331114946548293e+20,2.352156494681637e+19,5.011872336272761e+20,0.6874759588985707,0.2655923489739628,0.046931692127475756,幂函数型,2048,5.0118723362727146e+20
2.0385088937361604,31.941925903314047,15.669260017193833,0.9999999999999988,2.4375666367934383,3.9068340022180276e+20,1.4498727151341024e+20,2.6670653455141732e+19,5.623413251903547e+20,0.6947442464584278,0.2578278796500203,0.047427873891562,幂函数型,2048,5.6234132519034906e+20
2.12270454970759,34.7734969136333,16.381694248699603,1.0,2.422456602366141,4.428831606468734e+20,1.578400267331602e+20,3.023415710015989e+19,6.309573444801934e+20,0.7019225063648902,0.25015958386726533,0.047917909767843166,幂函数型,2048,6.309573444801943e+20
2.2110081457170154,37.836276810709926,17.112680875465465,1.0,2.407696423841068,5.019378973925007e+20,1.7174225986297885e+20,3.4265627128661385e+19,7.07945784384141e+20,0.7090061251359087,0.24259239005481437,0.048401484809278035,幂函数型,2048,7.079457843841402e+20
2.3036429764724935,41.14726707405431,17.86182472470713,1.0,2.3932759122111618,5.6873167677709864e+20,1.8677114214587112e+20,3.882541580131661e+19,7.943282347242863e+20,0.7159907603869984,0.2351309370372585,0.04887830257575243,幂函数型,2048,7.943282347242789e+20
2.400843626294401,44.72459046539374,18.628697835862067,0.9999999999999994,2.379185210447889,6.442604877448072e+20,2.0300893442556507e+20,4.398151596337884e+19,8.912509381337511e+20,0.7228721566272589,0.22777977081366155,0.04934807255908754,幂函数型,2048,8.91250938133744e+20
2.502858450120174,48.58753280566972,19.412816894753597,1.0,2.3654147834647175,7.296463023189696e+20,2.2054317677606e+20,4.9810520904975e+19,1.0000000000000046e+21,0.7296463023189697,0.22054317677606,0.049810520904975,幂函数型,2048,1e+21
2.6099499258460432,52.75661522015327,20.213650345437816,1.0,2.3519554083551113,8.261527438903636e+20,2.3946701642869037e+20,5.639869398291549e+19,1.1220184543019695e+21,0.7363094080340533,0.213425203044159,0.05026538892179138,幂函数型,2048,1.1220184543019653e+21
2.722394332657241,57.25368404164131,21.030635920314246,0.9999999999999997,2.338798164893851,9.352026297522756e+20,2.5987961585081598e+20,6.384316619108868e+19,1.25892541179418e+21,0.7428578540006285,0.2064297164996024,0.050712429499776245,幂函数型,2048,1.2589254117941712e+21
2.84048423109966,62.101962120553765,21.863160316335122,1.0,2.3259344262910537,1.0583978647426881e+21,2.8188638564696284e+20,7.2253294233100845e+19,1.4125375446227516e+21,0.7492883065457614,0.19956027839404933,0.05115141506019065,幂函数型,2048,1.4125375446227498e+21
2.964528079345094,67.32615018640513,22.71057935173224,1.0,2.313355850188804,1.1975415762108177e+21,3.055994446476453e+20,8.17521716026585e+19,1.5848931924611215e+21,0.7555976528306038,0.19282021406950037,0.05158213309990255,幂函数型,2048,1.584893192461111e+21
3.094850913046176,72.95251993447671,23.572224311985217,1.0,2.3010543698909194,1.3546630375694076e+21,3.3113804243813925e+20,9.24783300314049e+19,1.778279410038952e+21,0.7617830077331643,0.18621260560560127,0.052004386661250686,幂函数型,2048,1.7782794100389228e+21
3.231797106779735,79.00897317262017,24.447380377584167,1.0,2.2890221858169193,1.5320458254534695e+21,3.586288278311351e+20,1.0458766168429019e+20,1.9952623149688947e+21,0.7678418090492339,0.17974019011967762,0.05241800083109437,幂函数型,2048,1.995262314968883e+21
3.375728929580874,85.52518658794693,25.33532412466709,1.0,2.277251757171877,1.7322590794364077e+21,3.882065059757485e+20,1.1825555315619211e+20,2.2387211385683483e+21,0.7737717081387726,0.17340547658562108,0.05282281527560688,幂函数型,2048,2.238721138568347e+21
3.5270296713240437,92.53267719055809,26.235298767935063,1.0,2.265735793824453,1.9581929881088877e+21,4.200141354124898e+20,1.336793079882334e+20,2.511886431509611e+21,0.77957066989373,0.16721063904154032,0.053218691064745305,幂函数型,2048,2.5118864315095717e+21
3.6861035467853736,100.06493812733304,27.146534777786968,1.0,2.254467248385969,2.2130983400401278e+21,4.5420374454425295e+20,1.510808466800727e+20,2.818382931264454e+21,0.785236922736839,0.16115757000432776,0.05360550725883487,幂函数型,2048,2.818382931264449e+21
3.853376178287652,108.1575761297243,28.068263031040726,1.0,2.243439308483966,2.500630964157677e+21,4.9093695552420564e+20,1.7070974048649744e+20,3.1622776601683805e+21,0.7907689434281138,0.15524789670052727,0.05398315987135924,幂函数型,2048,3.1622776601683794e+21
4.029297283046495,116.84840802408338,28.999698909219216,1.0,2.232645389224329,2.8249018378784845e+21,5.303854223248289e+20,1.928466321325046e+20,3.548133892335818e+21,0.7961655122374293,0.14948292212717842,0.054351565635408515,幂函数型,2048,3.5481338923357606e+21
4.214342286706767,126.1775866539251,29.94004237670136,1.0,2.222079125836554,3.190533234421464e+21,5.727314023103888e+20,2.1780706880317194e+20,3.9810717055350247e+21,0.8014257140823624,0.14386362383629156,0.054710662081355936,幂函数型,2048,3.9810717055349854e+21
4.409010471636509,136.1878279301017,30.888524490065986,1.0,2.2117343664973044,3.602721356719496e+21,6.181687868380759e+20,2.4594577795205094e+20,4.466835921509623e+21,0.806548845765957,0.1383907530297551,0.05506040120428933,幂函数型,2048,4.4668359215096167e+21
4.613831542776282,146.92443618817816,31.844343432566955,0.9999999999999999,2.201605165327961,4.0673075885378246e+21,6.669032163574101e+20,2.7766153137751553e+20,5.011872336272751e+21,0.8115345554796485,0.13306468553294798,0.055400758987410675,幂函数型,2048,5.011872336272714e+21
4.8293612223772655,158.43562546921734,32.80674569031864,1.0,2.191685775562316,4.590857195304757e+21,7.191535387325912e+20,3.134025178661381e+20,5.623413251903487e+21,0.8163826824839487,0.12788559305847957,0.0557317244575709,幂函数型,2048,5.623413251903491e+21
5.056187620434962,170.7725705505911,33.77496710375243,0.9999999999999999,2.181970642881017,5.180748942766528e+21,7.75152040875932e+20,3.5367246115952833e+20,6.309573444801988e+21,0.8210933731240767,0.12285331927066014,0.05605330760527031,幂函数型,2048,6.309573444801943e+21
5.294930616994745,183.98965764455178,34.74826602146851,1.0,2.1724543989098613,5.845274828835112e+21,8.351455866912038e+20,3.990374283151437e+20,7.079457843841459e+21,0.8256670154367912,0.11796744964273187,0.056365534920484954,幂函数型,2048,7.079457843841402e+21
5.546241945490456,198.14474224130686,35.72594635948304,1.0,2.163131854879329,6.593752084182783e+21,8.993967874465126e+20,4.5013347561354474e+20,7.943282347242841e+21,0.8301042057848486,0.11322734710024557,0.05666844711491234,幂函数型,2048,7.943282347242789e+21
5.8108132302472795,213.29917371354685,36.70728437858773,1.0,2.1539979954431727,7.436649963692944e+21,9.681841134564661e+20,5.0767530418810506e+20,8.912509381337514e+21,0.8344058497447523,0.10863204424601426,0.056962106009241766,幂函数型,2048,8.912509381337441e+21
6.089369169049584,229.51830056835848,37.69163836131506,1.0,2.1450479726541403,8.385729979281706e+21,1.0418041874660001e+21,5.724658332522979e+20,1.0000000000000004e+22,0.8385729979281706,0.10418041874660001,0.05724658332522979,幂函数型,2048,1e+22
6.3826781200191505,246.87144353953155,38.67834769314528,0.9999999999999998,2.136277100095152,9.454205766823867e+21,1.1205716625139411e+21,6.454071136818426e+20,1.122018454301965e+22,0.8426069758991225,0.09987105454616392,0.05752196955471342,幂函数型,2048,1.1220184543019653e+22
6.69154595389963,265.4324354681959,39.66683294067642,1.0,2.1276808471645197,1.0656920037545585e+22,1.2048216724997294e+21,7.275124078964452e+20,1.258925411794176e+22,0.846509248102138,0.09570238722742633,0.05778836467043928,幂函数型,2048,1.2589254117941714e+22
7.016824876005842,285.27968245439354,40.65652022040803,1.0,2.1192548335139008,1.2010545434790216e+22,1.294910109755888e+21,8.199199016816788e+20,1.4125375446227781e+22,0.8502815008713914,0.09167261533580853,0.05804588379282033,幂函数型,2048,1.4125375446227496e+22
7.35941402686935,306.4965188936826,41.64686451593271,1.0,2.110994823637851,1.353380868199677e+22,1.391215236591076e+21,9.239080060243127e+20,1.5848931924612158e+22,0.853925598669568,0.08777974712798906,0.058294654202509164,幂函数型,2048,1.584893192461111e+22
7.72026101055518,329.17156223268825,42.63736184341996,1.0,2.1028967216139094,1.5247742266131364e+22,1.4941392955574038e+21,1.0409125387012346e+21,1.7782794100390001e+22,0.8574435592097208,0.0840216271482725,0.05853481364205028,幂函数型,2048,1.7782794100389228e+22
8.100360934605256,353.3992001708531,43.62758684753285,0.9999999999999994,2.094956565992154,1.7175966452308326e+22,1.604110720902948e+21,1.1725459764775818e+21,1.9952623149688858e+22,0.860837511110723,0.08039598146411966,0.058766507425158696,幂函数型,2048,1.995262314968883e+22
8.500769989693058,379.27953021526383,44.61707947340412,1.0,2.087170524833261,1.9345008288952777e+22,1.7215838642056968e+21,1.3206192325258432e+21,2.238721138568432e+22,0.8641097792699555,0.0769003264652534,0.05898989426482897,幂函数型,2048,2.238721138568347e+22
8.922597650703018,406.9191635039742,45.60545924335305,1.0,2.0795348908940205,2.1784655833839585e+22,1.8470426429997953e+21,1.4871658382567822e+21,2.5118864315096163e+22,0.8672627695491643,0.07353209204963043,0.05920513840122295,幂函数型,2048,2.511886431509572e+22
9.367010251696662,436.43163659291844,46.59241581526687,1.0,2.072046076959121,2.4528357684783717e+22,1.9810024099133816e+21,1.674469217947902e+21,2.8183829312644997e+22,0.870298972247154,0.07028861791412487,0.05941240983873906,幂函数型,2048,2.8183829312644493e+22
9.835242891879764,467.9374845571303,47.57762362365975,1.0,2.0647006113181545,2.761367291300768e+22,2.1240102844815678e+21,1.8850934041946575e+21,3.1622776601683905e+22,0.8732210096800088,0.06716710272583946,0.05961188759415527,幂函数型,2048,3.1622776601683792e+22
10.328596393302481,501.56497463201805,48.56080686406287,1.0,2.0574951333864337,3.108277312794667e+22,2.2766484832101057e+21,2.1219173122011596e+21,3.5481338923357934e+22,0.8760315724017018,0.0641646722556846,0.05980375534262286,幂函数型,2048,3.5481338923357603e+22
10.848441817381662,537.4505685580481,49.54172936586436,1.0,2.0504263894682895,3.4983007336324076e+22,2.4395364181994457e+21,2.3881733008263904e+21,3.981071705534991e+22,0.8787334146151227,0.061278384280486486,0.059988201104392375,幂函数型,2048,3.981071705534985e+22
11.396221604803616,575.7395812843473,50.52021637080728,1.0,2.043491228661246,3.9367535129839595e+22,2.6133336870595687e+21,2.68749039819705e+21,4.466835921509622e+22,0.8813293306850389,0.058505253673530135,0.060165415641432,幂函数型,2048,4.466835921509617e+22
11.973458374166071,616.586528483307,51.496109913711635,1.0,2.036686598899404,4.4296038797198634e+22,2.798741650309996e+21,3.0239429152220937e+21,5.0118723362730726e+22,0.8838221691445001,0.05584223744197355,0.06033559341359787,幂函数型,2048,5.011872336272714e+22
12.581758992929863,660.1557257820263,52.46927128019152,1.0,2.0300095431341925,4.983552143755289e+22,2.9965061513451505e+21,3.4021049301369445e+21,5.623413251903498e+22,0.8862148166095365,0.053286251909920576,0.06049893148054437,幂函数型,2048,5.623413251903491e+22
13.222814563154307,706.6221466736578,53.439617057224524,1.0,2.0234571956503884,5.60612016701028e+22,3.207421410571033e+21,3.8271113673456846e+21,6.309573444801952e+22,0.8885101688813539,0.05083420358968044,0.060655627528967096,幂函数型,2048,6.309573444801943e+22
13.898413031378817,756.171708789639,54.40705403432823,1.0,2.017026778515382,6.3057520388411436e+22,3.4323313248206004e+21,4.3047267251822207e+21,7.079457843841426e+22,0.8907111501944567,0.04848296861893841,0.06080588118660824,幂函数型,2048,7.079457843841402e+22
14.610425255313476,809.0029696554802,55.37162372199019,1.0,2.0107155981592113,7.0919264516868185e+22,3.672137164541644e+21,4.841421791018202e+21,7.943282347242803e+22,0.8928206428603804,0.0462294679203527,0.06094988921926864,幂函数型,2048,7.94328234724279e+22
15.360843425632021,865.3261822266227,56.33324670067841,1.0,2.00452104208298,7.975283998369844e+22,3.9277932867891925e+21,5.444460542887147e+21,8.912509381337479e+22,0.8948415824470131,0.04407056552460846,0.06108785202838276,幂函数型,2048,8.91250938133744e+22
16.151753196709045,925.3658470891976,57.291975417117136,1.0,1.9984405756930022,8.967768467308992e+22,4.2003187198940634e+21,6.121996607016272e+21,1.0000000000000026e+23,0.8967768467308991,0.04200318719894063,0.06121996607016272,幂函数型,2048,1.0000000000000001e+23
16.985356328842627,989.3607173374162,58.24786352332183,1.0,1.9924717392579228,1.0082786593041218e+23,4.4907971856017717e+21,6.883182314182805e+21,1.1220184543019676e+23,0.8986293010050324,0.04002427204635957,0.0613464269486102,幂函数型,2048,1.1220184543019653e+23
17.863976769954174,1057.5647160139215,59.20096793859828,1.0,1.9866121449859453,1.1335386911757526e+23,4.800381263416718e+21,7.738290798426472e+21,1.2589254117941845e+23,0.900401787553305,0.03813078374973305,0.0614674286969723,幂函数型,2048,1.2589254117941714e+23
18.79005871491912,1130.248398019143,60.15140320566093,1.0,1.9808594742191756,1.2742460256733785e+23,5.13029902634009e+21,8.69885286859693e+21,1.4125375446227487e+23,0.9020971021437132,0.036319735683275255,0.06158316217301082,幂函数型,2048,1.4125375446227497e+23
19.766184301840877,1207.699389477638,61.099267872614234,1.0,1.9752114747419907,1.432296522818142e+23,5.481856035193166e+21,9.777810929105186e+21,1.5848931924611256e+23,0.9037180105455509,0.03458817326788207,0.061693816186576295,幂函数型,2048,1.584893192461111e+23
20.795078028369993,1290.223647072263,62.044664863101566,1.0,1.9696659582002938,1.6098180848949486e+23,5.856441054848263e+21,1.0989691459549518e+22,1.7782794100389264e+23,0.9052672351752153,0.03293318823682538,0.061799576587961376,幂函数型,2048,1.7782794100389228e+23
21.8795910858759,1378.1480554652737,62.98783419014262,0.9999999999999999,1.9642207976283934,1.8091989545625125e+23,6.255537844156474e+21,1.2350798196480085e+22,1.995262314968878e+23,0.9067474191185373,0.03135195706963489,0.06190062381182548,幂函数型,2048,1.9952623149688827e+23
23.022771210197142,1471.8179636197692,63.928792506432856,1.0,1.9588739250802356,2.0331196943685725e+23,6.680713973089362e+21,1.3879430446889457e+22,2.238721138568361e+23,0.9081612083534192,0.02984165315632679,0.0619971384902601,幂函数型,2048,2.238721138568347e+23
24.227785081103743,1571.6037491206976,64.86782608726608,0.9999999999999998,1.9536233293616887,2.284588671981189e+23,7.133650618781749e+21,1.5596125334058251e+22,2.511886431509589e+23,0.909511132081006,0.028399574635604163,0.06208929328339668,幂函数型,2048,2.5118864315095718e+23
25.49799524619733,1677.8981235808944,65.80509986686619,1.0,1.9484670538604714,2.5669823027201442e+23,7.616130334527694e+21,1.752393251990285e+22,2.8183829312644498e+23,0.9107996909307439,0.027023050168384206,0.06217725890087211,幂函数型,2048,2.818382931264449e+23
26.836944111970265,1791.1191948725552,66.74080280525122,1.0,1.9434031944704337,2.8840899438403165e+23,8.130050949524178e+21,1.968872068328323e+22,3.162277660168391e+23,0.9120293199322509,0.025709478493711028,0.062261201574041664,幂函数型,2048,3.162277660168379e+23
28.24836324516849,1911.712142648717,67.67514726630012,1.0,1.9384298976067842,3.24016434154442e+23,8.677433174213733e+21,2.2119521904943235e+22,3.548133892335989e+23,0.9132023874700506,0.024456329545391876,0.06234128298462211,幂函数型,2048,3.5481338923357603e+23
29.736184323474717,2040.1509269789585,68.60836295557922,1.0,1.933545358308947,3.639978240741247e+23,9.260428355935356e+21,2.4848918123460247e+22,3.981071705535203e+23,0.914321195390802,0.023261144337240514,0.062417660272012086,幂函数型,2048,3.9810717055349855e+23
31.304557708200306,2176.939624906483,69.54066066668075,1.0,1.9287478184276994,4.0888879269091756e+23,9.881324545677197e+21,2.791347491436664e+22,4.4668359215096136e+23,0.9153879835208478,0.02212153013746181,0.062490486341689876,幂函数型,2048,4.466835921509616e+23
32.95785427025477,2322.615036645961,70.4722770360137,1.0,1.9240355648933294,4.5929044742208015e+23,1.0542558327842733e+22,3.1354227877347336e+22,5.011872336272702e+23,0.9164049213664736,0.021035169334905963,0.06255990929861793,幂函数型,2048,5.011872336272715e+23
34.70068632735794,2477.748182100519,71.40343446599407,1.0,1.9194069280615849,5.1587737479150886e+23,1.1246721613075822e+22,3.5217228785767007e+22,5.623413251903517e+23,0.9173741136966727,0.019999813474972476,0.06262607282835952,幂函数型,2048,5.623413251903491e+23
36.537910613836495,2642.94720159169,72.33438248630549,1.0,1.9148602801341859,5.7940661165307887e+23,1.199657480493457e+22,3.955415802218352e+22,6.30957344480197e+23,0.9182975944759233,0.01901328974119128,0.0626891157828897,幂函数型,2048,6.309573444801942e+23
38.47463805828739,2818.860018039254,73.26540703953613,1.0,1.91039403365081,6.507277135862266e+23,1.279505888376482e+22,4.442301191415307e+22,7.079457843841445e+23,0.9191773267670644,0.01807350105897666,0.06274917217396495,幂函数型,2048,7.079457843841402e+23
40.516286664810806,3006.1740835079195,74.19668313579292,1.0,1.9060066400494842,7.307940655903905e+23,1.3645294256252755e+22,4.988887487763733e+22,7.943282347242806e+23,0.9200152199601189,0.01717840769060564,0.06280637234927745,幂函数型,2048,7.94328234724279e+23
42.66854846102089,3205.622468275318,75.12846309275693,1.0,1.9016965882923949,8.206755458120569e+23,1.4550608394251613e+22,5.602478392743641e+22,8.912509381337449e+23,0.9208131073954656,0.016326051139671394,0.06286084146486379,幂函数型,2048,8.912509381337441e+23
44.93740417015269,3417.986892531718,76.06106662480376,1.0,1.8974624035542185,9.215727506278923e+23,1.5514549595939055e+22,6.291269977619744e+22,1.0000000000000288e+24,0.9215727506278923,0.015514549595939054,0.06291269977619744,幂函数型,2048,1e+24
47.329193699097495,3644.0967792088104,76.99469385379153,1.0,1.893302645970146,1.0348329739285866e+24,1.6540882686521953e+22,7.064459768685818e+22,1.1220184543019667e+24,0.9222958588255852,0.014742077211922897,0.06296206396249328,幂函数型,2048,1.1220184543019652e+24
49.850582048900165,3884.836291422784,77.92960747403137,1.0,1.8892159094408523,1.1619681017526992e+24,1.7633620961822759e+22,7.932368907965093e+22,1.2589254117941728e+24,0.9229840710711428,0.014006883010401712,0.06300904591845667,幂函数型,2048,1.2589254117941714e+24
52.508595187530645,4141.146511437411,78.86606938630916,1.0,1.8852008204917912,1.3046747146879307e+24,1.879703607878874e+22,8.90657938560294e+22,1.4125375446227488e+24,0.9236389642559015,0.01330728245089508,0.06305375329320287,幂函数型,2048,1.4125375446227496e+24
55.31065235785271,4414.028099416998,79.80430371456862,1.0,1.881256037184224,1.4648566422278812e+24,2.00356701238105e+22,1.0000088010942337e+23,1.584893192461115e+24,0.9242620570242779,0.012641653216200636,0.06309628975952404,幂函数型,2048,1.584893192461111e+24
58.26456859753503,4704.546573795959,80.74455345739901,1.0,1.877380248075537,1.6446502594153984e+24,2.1354359580793873e+22,1.1227479104275787e+23,1.7782794100389504e+24,0.9248548063543066,0.012008438865254854,0.063136754780454,幂函数型,2048,1.7782794100389228e+24
61.37856820491479,5013.837155046427,81.68709863526846,1.0,1.8735721712264601,1.8464528747361185e+24,2.2758257317456323e+22,1.2605118291531902e+23,1.9952623149688938e+24,0.9254186083121181,0.011406148027113544,0.06317524366077393,幂函数型,2048,1.9952623149688828e+24
64.66133524787404,5343.106993637135,82.6321784595812,1.0,1.8698305532529038,2.0729545954849869e+24,2.4252842698232467e+22,1.4151370038510844e+23,2.2387211385683278e+24,0.9259548050770776,0.0108333468963187,0.06321184802659517,幂函数型,2048,2.238721138568347e+24
68.12202531254616,5693.640828588132,83.58002866863566,1.0,1.866154168420228,2.3271740678737621e+24,2.5843947268962324e+22,1.5886841636684882e+23,2.511886431509573e+24,0.9264646835466988,0.010288660723180406,0.0632466557301213,幂函数型,2048,2.511886431509572e+24
71.77028545217024,6066.806444620046,84.53089473446693,1.0,1.8625418177778352,2.6124985818806806e+24,2.7537779527382127e+22,1.783465698563878e+23,2.818382931264451e+24,0.9269494762049953,0.009770772886077436,0.06327975090892768,幂函数型,2048,2.818382931264449e+24
75.61630900718932,6464.057647335944,85.48496656615924,1.0,1.858992328332076,2.9327290830074395e+24,2.9340938427742084e+22,2.002076387333079e+23,3.1622776601684896e+24,0.9274103662520522,0.009278419411842471,0.0633112143361401,幂函数型,2048,3.1622776601683796e+24
79.67077188884555,6886.947696036905,86.4425878243703,1.0,1.8555045522555447,3.2921306334081996e+24,3.1260474353563147e+22,2.2474278457399977e+23,3.5481338923357626e+24,0.9278484784690489,0.008810398734131244,0.06334112279682041,幂函数型,2048,3.5481338923357605e+24
83.94500064483661,7337.123691521847,87.40393871178256,1.0,1.8520773661309196,3.695489118096284e+24,3.3303863643356206e+22,2.52278723795373e+23,3.9810717055350136e+24,0.928264897353733,0.008365552320259139,0.06336955032601484,幂函数型,2048,3.9810717055349857e+24
88.45095183586508,7816.337213448674,88.36917015831713,0.9999999999999999,1.8487096702276098,4.148174798397772e+24,3.547905687456002e+22,2.8318206623728786e+23,4.4668359215096197e+24,0.9286606607649583,0.007942771460154615,0.06339656777488781,幂函数型,2048,4.4668359215096164e+24
93.20112698684909,8326.461542847077,89.33863583025087,1.0,1.8454003878095167,4.6562135976360346e+24,3.779455703807426e+22,3.1786418159862e+23,5.011872336272729e+24,0.9290367521808864,0.007541005536901154,0.0634222422822152,幂函数型,2048,5.011872336272715e+24
98.20882604407359,8869.479841813583,90.31245152887979,1.0,1.842148464472333,5.226367217316526e+24,4.025936588483321e+22,3.567866687021415e+23,5.6234132519035e+24,0.9293941211856399,0.007159240141422235,0.06344663867293969,幂函数型,2048,5.62341325190349e+24
103.48794903908572,9447.513625345568,91.29095429050773,1.0,1.8389528675088553,5.866222851634981e+24,4.288311316201855e+22,4.0046748000494804e+23,6.309573444801948e+24,0.9297336663016087,0.006796515412202267,0.06346981828618982,幂函数型,2048,6.309573444801943e+24
109.0532794266274,10062.80917137063,92.27424635259165,1.0,1.835812585300877,6.584294042293862e+24,4.567599492696162e+22,4.4948780662059434e+23,7.079457843841417e+24,0.9300562539575971,0.006451905772233153,0.06349184027017196,幂函数型,2048,7.079457843841402e+24
114.92028032154111,10717.768327605578,93.2626364782422,1.0,1.8327266267362865,7.390133643778606e+24,4.8648913382244195e+22,5.0449979008195295e+23,7.943282347242803e+24,0.9303627040707941,0.006124535331308074,0.06351276059789956,幂函数型,2048,7.943282347242789e+24
121.10535092731256,11414.938451778795,94.2562683182351,1.0,1.8296940206500742,8.294460762098069e+24,5.181343121346405e+22,5.662351880258949e+23,8.912509381337428e+24,0.9306538043557576,0.005813562600221213,0.06353263304401972,幂函数型,2048,8.912509381337441e+24
127.62572797126498,12157.035503078338,95.25536658106665,1.0,1.826713815288021,9.309303036317318e+24,5.5181876403392475e+22,6.355150872792623e+23,9.999999999999973e+24,0.9309303036317317,0.005518187640339247,0.06355150872792623,幂函数型,2048,1e+25
